CREATE DATABASE  IF NOT EXISTS `sombra` /*!40100 DEFAULT CHARACTER SET utf8 */;
USE `sombra`;
-- MySQL dump 10.13  Distrib 5.7.12, for Win64 (x86_64)
--
-- Host: localhost    Database: sombra
-- ------------------------------------------------------
-- Server version	5.5.53

/*!40101 SET @OLD_CHARACTER_SET_CLIENT=@@CHARACTER_SET_CLIENT */;
/*!40101 SET @OLD_CHARACTER_SET_RESULTS=@@CHARACTER_SET_RESULTS */;
/*!40101 SET @OLD_COLLATION_CONNECTION=@@COLLATION_CONNECTION */;
/*!40101 SET NAMES utf8 */;
/*!40103 SET @OLD_TIME_ZONE=@@TIME_ZONE */;
/*!40103 SET TIME_ZONE='+00:00' */;
/*!40014 SET @OLD_UNIQUE_CHECKS=@@UNIQUE_CHECKS, UNIQUE_CHECKS=0 */;
/*!40014 SET @OLD_FOREIGN_KEY_CHECKS=@@FOREIGN_KEY_CHECKS, FOREIGN_KEY_CHECKS=0 */;
/*!40101 SET @OLD_SQL_MODE=@@SQL_MODE, SQL_MODE='NO_AUTO_VALUE_ON_ZERO' */;
/*!40111 SET @OLD_SQL_NOTES=@@SQL_NOTES, SQL_NOTES=0 */;

--
-- Table structure for table `categories`
--

DROP TABLE IF EXISTS `categories`;
/*!40101 SET @saved_cs_client     = @@character_set_client */;
/*!40101 SET character_set_client = utf8 */;
CREATE TABLE `categories` (
  `id` int(11) NOT NULL AUTO_INCREMENT,
  `name` varchar(255) DEFAULT NULL,
  PRIMARY KEY (`id`)
) ENGINE=InnoDB AUTO_INCREMENT=3 DEFAULT CHARSET=utf8;
/*!40101 SET character_set_client = @saved_cs_client */;

--
-- Dumping data for table `categories`
--

LOCK TABLES `categories` WRITE;
/*!40000 ALTER TABLE `categories` DISABLE KEYS */;
INSERT INTO `categories` VALUES (1,'Women'),(2,'Men');
/*!40000 ALTER TABLE `categories` ENABLE KEYS */;
UNLOCK TABLES;

--
-- Table structure for table `commodities`
--

DROP TABLE IF EXISTS `commodities`;
/*!40101 SET @saved_cs_client     = @@character_set_client */;
/*!40101 SET character_set_client = utf8 */;
CREATE TABLE `commodities` (
  `id` int(11) NOT NULL AUTO_INCREMENT,
  `available` int(11) NOT NULL,
  `brand` varchar(255) DEFAULT NULL,
  `consist` varchar(255) DEFAULT NULL,
  `country` varchar(255) DEFAULT NULL,
  `name` varchar(255) DEFAULT NULL,
  `price` int(11) NOT NULL,
  `subcategory` int(11) DEFAULT NULL,
  `image` varchar(255) DEFAULT NULL,
  PRIMARY KEY (`id`),
  KEY `FKgdu5vdk7q9g60fe5q0vggersx` (`subcategory`),
  CONSTRAINT `FKgdu5vdk7q9g60fe5q0vggersx` FOREIGN KEY (`subcategory`) REFERENCES `subcategories` (`id`)
) ENGINE=InnoDB AUTO_INCREMENT=341 DEFAULT CHARSET=utf8;
/*!40101 SET character_set_client = @saved_cs_client */;

--
-- Dumping data for table `commodities`
--

LOCK TABLES `commodities` WRITE;
/*!40000 ALTER TABLE `commodities` DISABLE KEYS */;
INSERT INTO `commodities` VALUES (1,5,'MarieM','Вискоза 60%, Полиэтилен 35%, Эластан 5%','Украина','Платье розовое',449,1,'/resources/commodities/1/img.jpg'),(2,48,'MarieM','Вискоза 60%, Полиэтилен 35%, Эластан 5%','Украина','Платье бордовое',449,1,'/resources/commodities/2/img.jpg'),(3,10,'MarieM','Вискоза 60%, Полиэтилен 35%, Эластан 5%','Украина','Платье голубое',449,1,'/resources/commodities/3/img.jpg'),(4,15,'Jet','Хлопок 96%, Эластан 4%','Украина','Платье синее',669,1,'/resources/commodities/4/img.jpg'),(5,40,'MarieM','Вискоза 60%, Полиэтилен 35%, Эластан 5%','Украина','Платье цвета пудры',429,1,'/resources/commodities/5/img.jpg'),(6,35,'MarieM','Вискоза 60%, Полиэтилен 35%, Эластан 5%','Украина','Платье бежевое',449,1,'/resources/commodities/6/img.jpg'),(7,14,'Jet','Полиэстер 68%, Вискоза 30%, Эластан 2%','Украина','Платье черное в цветочный принт',499,1,'/resources/commodities/7/img.jpg'),(8,38,'MarieM','Вискоза 60%, Полиэтилен 35%, Эластан 5%','Украина','Платье голубое',429,1,'/resources/commodities/8/img.jpg'),(9,37,'MarieM','Вискоза 60%, Полиэтилен 35%, Эластан 5%','Украина','Платье бордовое',449,1,'/resources/commodities/9/img.jpg'),(10,35,'Dioni','Хлопок 35%, Вискоза 35%, Полиэстер 30%','Украина','Платье синего цвета с запахом',879,1,'/resources/commodities/10/img.jpg'),(11,41,'MarieM','Вискоза 60%, Полиэтилен 35%, Эластан 5%','Украина','Платье черное',449,1,'/resources/commodities/11/img.jpg'),(12,15,'MarieM','Вискоза 60%, Полиэтилен 35%, Эластан 5%','Украина','Платье бежевое',449,1,'/resources/commodities/12/img.jpg'),(13,7,'MarieM','Вискоза 60%, Полиэтилен 35%, Эластан 5%','Украина','Платье голубое',449,1,'/resources/commodities/13/img.jpg'),(14,36,'Dioni','Флакс 60%, Хлопок 30%, Полиэстер 10%','Украина','Платье светло-сиреневого цвета с коротким рукавом',519,1,'/resources/commodities/14/img.jpg'),(15,19,'TASHA','Полиамид 60%, Полиэстер 20%, Эластан 20%','Украина','Платье синее в принт',349,1,'/resources/commodities/15/img.jpg'),(16,37,'Jet','Хлопок 100%','Украина','Платье синее в принт',629,1,'/resources/commodities/16/img.jpg'),(17,49,'MarieM','Вискоза 60%, Полиэтилен 35%, Эластан 5%','Украина','Платье цвета марсала',429,1,'/resources/commodities/17/img.jpg'),(18,5,'MarieM','Вискоза 60%, Полиэтилен 35%, Эластан 5%','Украина','Платье розовое',449,1,'/resources/commodities/18/img.jpg'),(19,39,'Laura Bettini','Хлопок 35%, Вискоза 35%, Полиэстер 30%','Украина','Платье красное',399,1,'/resources/commodities/19/img.jpg'),(20,44,'MarieM','Вискоза 60%, Полиэтилен 35%, Эластан 5%','Украина','Платье бежевое',449,1,'/resources/commodities/20/img.jpg'),(21,24,'Vero Moda','Полиэстер 100%','КНР','Пальто черное',2419,2,'/resources/commodities/21/img.jpg'),(22,17,'Bessa','Кашемир 50%, Шерсть 25%, Полиэстер 25%','Украина','Пальто розовое',1489,2,'/resources/commodities/22/img.jpg'),(23,13,'Vero Moda','Полиэстер 100%','КНР','Парка оливкового цвета',1419,2,'/resources/commodities/23/img.jpg'),(24,9,'Bessa','Шерсть 70%, Полиэстер 20%, Кашемир 10%','Украина','Пальто в разноцветный принт',859,2,'/resources/commodities/24/img.jpg'),(25,9,'Kitana By Rinascimento','Полиуретан 55%, Вискоза 45%','КНР','Куртка бордовая',449,2,'/resources/commodities/25/img.jpg'),(26,10,'CORRERA','Шерсть 75%, Полиамид 15%, Кашемир 10%','Украина','Пальто темно-бирюзовое',1459,2,'/resources/commodities/26/img.jpg'),(27,27,'53Mission','Хлопок 30%, Вискоза 40%, Полиэстер 30%','Украина','Куртка бежевая',519,2,'/resources/commodities/27/img.jpg'),(28,18,'Bessa','Шерсть 70%, Полиэстер 20%, Кашемир 10%','Украина','Пальто в разноцветный принт',859,2,'/resources/commodities/28/img.jpg'),(29,11,'CORRERA','Шерсть 70%, Другие волокна 30%','Украина','Пальто двухцветное',1009,2,'/resources/commodities/29/img.jpg'),(30,17,'ROOSEVELT','Полиамид 100%','КНР','Пальто цвета хаки',1119,2,'/resources/commodities/30/img.jpg'),(31,47,'Only','Полиэстер 90%, Вискоза 8%, Эластан 2%','КНР','Пальто черное',1839,2,'/resources/commodities/31/img.jpg'),(32,31,'MarieM','Шерсть 65%, Полиэстер 35%','Украина','Пальто цвета пудры',899,2,'/resources/commodities/32/img.jpg'),(33,38,'Promod','Полиэстер 50%, Полиуретановое волокно 50%','КНР','Куртка черная',739,2,'/resources/commodities/33/img.jpg'),(34,29,'CORRERA','Шерсть 70%, Другие волокна 30%','Украина','Пальто черное в ромбы',1419,2,'/resources/commodities/34/img.jpg'),(35,48,'53Mission','Хлопок 30%, Вискоза 40%, Полиэстер 30%','Украина','Куртка золотистая',879,2,'/resources/commodities/35/img.jpg'),(36,39,'CORRERA','Полиэстер 100%','Украина','Плащ белый',709,2,'/resources/commodities/36/img.jpg'),(37,8,'H&amp;M','Хлопок 69%, Полиэстер 31%','Бангладеш','Полупальто черное',689,2,'/resources/commodities/37/img.jpg'),(38,43,'Bray Steve Alan','Хлопок 100%','Италия','Жилет серый',1119,2,'/resources/commodities/38/img.jpg'),(39,12,'CORRERA','Полиэстер 100%','Украина','Плащ разноцветный в анималистичный принт',399,2,'/resources/commodities/39/img.jpg'),(40,13,'MarieM','Шерсть 65%, Полиэстер 35%','Украина','Пальто цвета фрез',839,2,'/resources/commodities/40/img.jpg'),(41,29,'Fiore','Искусственная кожа 100%','КНР','Туфли черные',379,3,'/resources/commodities/41/img.jpg'),(42,3,'SAUCONY','Синтетика 100%','КНР','Кроссовки серо-розовые',1419,3,'/resources/commodities/42/img.jpg'),(43,39,'Logan','Кожа 100%','Италия','Туфли синие',1799,3,'/resources/commodities/43/img.jpg'),(44,8,'SAUCONY','Синтетика 100%','Вьетнам','Кроссовки красные',1319,3,'/resources/commodities/44/img.jpg'),(45,6,'In Trend','Искусственная кожа 100%','Украина','Ботинки черные',499,3,'/resources/commodities/45/img.jpg'),(46,8,'Sopra','Искусственная кожа 100%','КНР','Балетки зеленые',269,3,'/resources/commodities/46/img.jpg'),(47,15,'Formentini','Кожа 100%','Италия','Ботильоны коричневые',1319,3,'/resources/commodities/47/img.jpg'),(48,22,'Cafè Noir','Кожа 100%','КНР','Мокасины темно-синие',939,3,'/resources/commodities/48/img.jpg'),(49,9,'Geox','Кожа 50%, Текстиль 50%','КНР','Туфли синие',1439,3,'/resources/commodities/49/img.jpg'),(50,12,'Geox','Кожа 100%','КНР','Туфли серебристые',1879,3,'/resources/commodities/50/img.jpg'),(51,21,'Fit Flop','Кожа 100%','КНР','Сабо темно-синие',1779,3,'/resources/commodities/51/img.jpg'),(52,17,'SND','Кожа 100%','Украина','Сапоги черные',1159,3,'/resources/commodities/52/img.jpg'),(53,48,'SAUCONY','Синтетика 100%','Вьетнам','Кроссовки цвета фуксии',979,3,'/resources/commodities/53/img.jpg'),(54,2,'PAOLA FERRI','Кожа 100%','Италия','Полусапожки черные',1269,3,'/resources/commodities/54/img.jpg'),(55,8,'Eliana Bucci','Кожа 100%','Италия','Туфли голубые',1369,3,'/resources/commodities/55/img.jpg'),(56,28,'Versace 19.69','Кожа 100%','Италия','Ботинки темно-синие',2799,3,'/resources/commodities/56/img.jpg'),(57,6,'Versace 19.69','Кожа 100%','Италия','Босоножки бежевые',2539,3,'/resources/commodities/57/img.jpg'),(58,28,'Geox','Кожа 100%','КНР','Мокасины черные',1889,3,'/resources/commodities/58/img.jpg'),(59,16,'Crisma','Замша 100%','Украина','Слипоны черные',539,3,'/resources/commodities/59/img.jpg'),(60,48,'Rocco Barocco','Искусственная кожа 100%','КНР','Полусапожки черные',1199,3,'/resources/commodities/60/img.jpg'),(61,0,'Miss Ornament','Хлопок 100%','Индия','Сумка голубая с контрастной отделкой',269,4,'/resources/commodities/61/img.jpg'),(62,18,'Miss Ornament','Лен 100%','Индия','Сумка цвета фуксии с контрастной отделкой',229,4,'/resources/commodities/62/img.jpg'),(63,45,'BOGZ','Кожа 100%','Украина','Сумка синяя',1479,4,'/resources/commodities/63/img.jpg'),(64,24,'Traum','Кожа 100%','Украина','Сумка красная 2 в 1',1399,4,'/resources/commodities/64/img.jpg'),(65,13,'EMILIO MASI','Текстиль 100%','Италия','Сумка черная',1229,4,'/resources/commodities/65/img.jpg'),(66,14,'Traum','Искусственная кожа 100%','Украина','Сумка фиолетовая',339,4,'/resources/commodities/66/img.jpg'),(67,43,'Traum','Искусственная кожа 100%','Украина','Сумка черная',119,4,'/resources/commodities/67/img.jpg'),(68,10,'XIFA','Искусственная кожа 100%','КНР','Слипоны черная',269,4,'/resources/commodities/68/img.jpg'),(69,21,'BOGZ','Кожа 100%','Украина','Сумка зеленая',1479,4,'/resources/commodities/69/img.jpg'),(70,33,'Traum','Искусственная кожа 100%','Украина','Сумка черная',369,4,'/resources/commodities/70/img.jpg'),(71,47,'GIADA PELLE','Кожа коровы 100%','Италия','Сумка коричневая',1029,4,'/resources/commodities/71/img.jpg'),(72,41,'Traum','Полиуретановое волокно 100%','Украина','Сумка черная',859,4,'/resources/commodities/72/img.jpg'),(73,0,'V73','Искусственная кожа 100%','КНР','Сумка синяя',2529,4,'/resources/commodities/73/img.jpg'),(74,10,'Traum','Полиэстер 100%','Украина','Сумка бежевая',379,4,'/resources/commodities/74/img.jpg'),(75,22,'V73','Неопрен 100%','КНР','Сумка голубая',1629,4,'/resources/commodities/75/img.jpg'),(76,46,'Traum','Кожа 100%','Украина','Сумка черная',459,4,'/resources/commodities/76/img.jpg'),(77,48,'Traum','Полиуретановое волокно 100%','Украина','Сумка серая с узором',889,4,'/resources/commodities/77/img.jpg'),(78,12,'Traum','Полиуретановое волокно 100%','Украина','Сумка черная',339,4,'/resources/commodities/78/img.jpg'),(79,12,'Traum','Хлопок 50%, Полиэстер 50%','Украина','Сумка синяя с орнаментом',289,4,'/resources/commodities/79/img.jpg'),(80,37,'BOGZ','Кожа 100%','Украина','Сумка коньячного цвета',1189,4,'/resources/commodities/80/img.jpg'),(81,48,'TASHA','Полиэстер 100%','Украина','Блуза зеленая',229,5,'/resources/commodities/81/img.jpg'),(82,0,'Jet','Полиэстер 68%, Вискоза 28%, Эластан 4%','Украина','Блуза розовая',529,5,'/resources/commodities/82/img.jpg'),(83,47,'TASHA','Полиэстер 100%','Украина','Блуза малиновая',229,5,'/resources/commodities/83/img.jpg'),(84,37,'Exclusive.','Полиэстер 100%','Украина','Блуза мятного цвета',179,5,'/resources/commodities/84/img.jpg'),(85,43,'Exclusive.','Полиэстер 100%','Украина','Блуза синяя в горошек',219,5,'/resources/commodities/85/img.jpg'),(86,5,'TASHA','Полиэстер 100%','Украина','Блуза белая',229,5,'/resources/commodities/86/img.jpg'),(87,37,'Exclusive.','Полиэстер 100%','Украина','Блуза синяя в принт',199,5,'/resources/commodities/87/img.jpg'),(88,45,'H&amp;M','Хлопок 100%','Турция','Блуза молочного цвета',319,5,'/resources/commodities/88/img.jpg'),(89,32,'Laura Bettini','Хлопок 97%, Эластан 3%','Украина','Блуза темно-синяя',599,5,'/resources/commodities/89/img.jpg'),(90,12,'H&amp;M','Хлопок 100%','Индия','Блуза белая',439,5,'/resources/commodities/90/img.jpg'),(91,41,'TASHA','Полиэстер 100%','Украина','Блуза красная',229,5,'/resources/commodities/91/img.jpg'),(92,10,'Patrizia Pepe','Лиоцелл 100%','Италия','Блуза синяя с вышивкой',1359,5,'/resources/commodities/92/img.jpg'),(93,1,'Bessa','Хлопок 100%','Украина','Блуза розовая',149,5,'/resources/commodities/93/img.jpg'),(94,45,'Jet','Вискоза 55%, Полиэстер 42%, Эластан 3%','Украина','Блуза в разноцветный принт',349,5,'/resources/commodities/94/img.jpg'),(95,22,'Jet','Полиэстер 68%, Вискоза 28%, Эластан 4%','Украина','Блуза белая',529,5,'/resources/commodities/95/img.jpg'),(96,26,'H&amp;M','Хлопок 100%','Индия','Блуза белая',359,5,'/resources/commodities/96/img.jpg'),(97,44,'Exclusive.','Полиэстер 100%','Украина','Блуза темно-синяя',179,5,'/resources/commodities/97/img.jpg'),(98,21,'H&amp;M','Полиэстер 100%','Индонезия','Блуза зеленая в горох',439,5,'/resources/commodities/98/img.jpg'),(99,20,'Bessa','Хлопок 100%','Украина','Блуза светло-розовая',149,5,'/resources/commodities/99/img.jpg'),(100,29,'Cottomood','Хлопок 50%, Полиэстер 50%','Турция','Блуза голубая с вышивкой',699,5,'/resources/commodities/100/img.jpg'),(101,29,'MarieM','Хлопок 10%, Вискоза 35%, Полиэстер 50%, Эластан 5%','Украина','Юбка цвета капучино',429,6,'/resources/commodities/101/img.jpg'),(102,19,'MarieM','Хлопок 10%, Вискоза 35%, Полиэстер 50%, Эластан 5%','Украина','Юбка бежевая',399,6,'/resources/commodities/102/img.jpg'),(103,47,'Maurini','Хлопок 35%, Вискоза 35%, Полиэстер 30%','Украина','Юбка темно-изумрудного цвета в пол',559,6,'/resources/commodities/103/img.jpg'),(104,43,'MarieM','Хлопок 10%, Вискоза 35%, Полиэстер 50%, Эластан 5%','Украина','Юбка розовая',429,6,'/resources/commodities/104/img.jpg'),(105,15,'Maurini','Хлопок 35%, Вискоза 35%, Полиэстер 30%','Украина','Юбка темно-синяя',299,6,'/resources/commodities/105/img.jpg'),(106,34,'MarieM','Хлопок 10%, Вискоза 35%, Полиэстер 50%, Эластан 5%','Украина','Юбка бежевая',429,6,'/resources/commodities/106/img.jpg'),(107,37,'MarieM','Шерсть 80%, Полиэстер 20%','Украина','Юбка цвета фрез',399,6,'/resources/commodities/107/img.jpg'),(108,14,'Patrizia Pepe','Полиэстер 95%, Эластан 5%','КНР','Юбка серо-золотистая',899,6,'/resources/commodities/108/img.jpg'),(109,40,'MarieM','Хлопок 10%, Вискоза 35%, Полиэстер 50%, Эластан 5%','Украина','Юбка розовая',399,6,'/resources/commodities/109/img.jpg'),(110,0,'Laura Bettini','Лен 60%, Хлопок 30%, Полиэстер 10%','Украина','Юбка графитового цвета с поясом',379,6,'/resources/commodities/110/img.jpg'),(111,4,'MarieM','Хлопок 10%, Вискоза 35%, Полиэстер 50%, Эластан 5%','Украина','Юбка бордовая',429,6,'/resources/commodities/111/img.jpg'),(112,38,'MarieM','Хлопок 10%, Вискоза 35%, Полиэстер 50%, Эластан 5%','Украина','Юбка голубая',429,6,'/resources/commodities/112/img.jpg'),(113,31,'MarieM','Хлопок 10%, Вискоза 35%, Полиэстер 50%, Эластан 5%','Украина','Юбка голубая',399,6,'/resources/commodities/113/img.jpg'),(114,35,'Bessa','Полиэстер 100%','Украина','Юбка темно-синяя',149,6,'/resources/commodities/114/img.jpg'),(115,0,'Laura Bettini','Хлопок 35%, Вискоза 35%, Полиэстер 30%','Украина','Юбка оливкового цвета с поясом',359,6,'/resources/commodities/115/img.jpg'),(116,37,'MarieM','Хлопок 10%, Вискоза 35%, Полиэстер 50%, Эластан 5%','Украина','Юбка черная',429,6,'/resources/commodities/116/img.jpg'),(117,39,'Promod','Хлопок 59%, Полиэстер 41%','Тунис','Юбка черная',449,6,'/resources/commodities/117/img.jpg'),(118,25,'MarieM','Хлопок 10%, Вискоза 35%, Полиэстер 50%, Эластан 5%','Украина','Юбка синяя',429,6,'/resources/commodities/118/img.jpg'),(119,32,'MarieM','Хлопок 10%, Вискоза 35%, Полиэстер 50%, Эластан 5%','Украина','Юбка синяя',399,6,'/resources/commodities/119/img.jpg'),(120,17,'Liviana Conti','Хлопок 100%','КНР','Юбка белая с принтом',939,6,'/resources/commodities/120/img.jpg'),(121,16,'53Mission','Хлопок 30%, Вискоза 40%, Полиэстер 30%','Украина','Брюки черный',369,7,'/resources/commodities/121/img.jpg'),(122,30,'Laura Bettini','Флакс 60%, Хлопок 30%, Полиэстер 10%','Украина','Брюки темно-сливового цвета с карманами',419,7,'/resources/commodities/122/img.jpg'),(123,44,'Rinascimento','Полиэстер 96%, Эластан 4%','КНР','Брюки черные',399,7,'/resources/commodities/123/img.jpg'),(124,17,'Rinascimento','Хлопок 97%, Эластан 3%','КНР','Брюки черные',669,7,'/resources/commodities/124/img.jpg'),(125,19,'Rinascimento','Полиэстер 49%, Нейлон, полиамид 26%, Вискоза 20%, Эластан 5%','КНР','Брюки черно-белые в клетку',379,7,'/resources/commodities/125/img.jpg'),(126,25,'Rinascimento','Полиэстер 74%, Вискоза 23%, Эластан 3%','КНР','Брюки черные',669,7,'/resources/commodities/126/img.jpg'),(127,16,'Liu Jo','Полиэстер 100%','КНР','Брюки синие',879,7,'/resources/commodities/127/img.jpg'),(128,16,'Sisley','Полиэстер 67%, Хлопок 30%, Эластан 3%','КНР','Брюки цвета пудры в рисунок',739,7,'/resources/commodities/128/img.jpg'),(129,39,'Patrizia Pepe','Полиэстер 70%, Вискоза 30%','КНР','Брюки белые',1079,7,'/resources/commodities/129/img.jpg'),(130,37,'Sexy Woman','Хлопок 95%, Эластан 5%','Италия','Брюки бордовые',549,7,'/resources/commodities/130/img.jpg'),(131,30,'Liu Jo','Вискоза 97%, Эластан 3%','КНР','Брюки голубые',1159,7,'/resources/commodities/131/img.jpg'),(132,0,'Twin Set','Хлопок 100%','КНР','Брюки красно-розовые',619,7,'/resources/commodities/132/img.jpg'),(133,9,'Liu Jo','Полиамид 88%, Эластан 12%','КНР','Брюки цвета хаки',1159,7,'/resources/commodities/133/img.jpg'),(134,5,'TASHA','Полиамид 60%, Полиэстер 20%, Эластан 20%','Украина','Брюки синие',329,7,'/resources/commodities/134/img.jpg'),(135,24,'Laura Bettini','Хлопок 35%, Вискоза 35%, Полиэстер 30%','Украина','Брюки черные',379,7,'/resources/commodities/135/img.jpg'),(136,37,'TASHA','Полиамид 60%, Полиэстер 20%, Эластан 20%','Украина','Брюки черные',329,7,'/resources/commodities/136/img.jpg'),(137,15,'TASHA','Вискоза 65%, Полиэстер 30%, Эластан 5%','Украина','Брюки черные',299,7,'/resources/commodities/137/img.jpg'),(138,17,'53Mission','Хлопок 30%, Вискоза 40%, Полиэстер 30%','Украина','Брюки темно-синие',369,7,'/resources/commodities/138/img.jpg'),(139,42,'Dioni','Хлопок 35%, Вискоза 35%, Полиэстер 30%','Украина','Брюки черные',499,7,'/resources/commodities/139/img.jpg'),(140,4,'Silvian Heach','Экокожа 100%','КНР','Брюки черные',359,7,'/resources/commodities/140/img.jpg'),(141,18,'ZU elements','Хлопок 50%, Полиэстер 50%','Турция','Футболка голубая с принтом',319,8,'/resources/commodities/141/img.jpg'),(142,44,'Only','Вискоза 100%','КНР','Футболка персикового цвета',639,8,'/resources/commodities/142/img.jpg'),(143,11,'H&amp;M','Хлопок 96%, Эластан 4%','Болгария','Футболка черная',159,8,'/resources/commodities/143/img.jpg'),(144,34,'Guess Jeans','Хлопок 100%','КНР','Футболка серая с принтом',719,8,'/resources/commodities/144/img.jpg'),(145,26,'Piazza Italia','Хлопок 95%, Эластан 5%','Бангладеш','Футболка черная в принт',389,8,'/resources/commodities/145/img.jpg'),(146,33,'H&amp;M','Хлопок 63%, Полиэстер 37%','Турция','Футболка',159,8,'/resources/commodities/146/img.jpg'),(147,37,'H&amp;M','Вискоза 96%, Эластан 4%','Камбоджа','Футболка',159,8,'/resources/commodities/147/img.jpg'),(148,25,'H&amp;M','Вискоза 100%','Турция','Футболка бордовая',139,8,'/resources/commodities/148/img.jpg'),(149,46,'H&amp;M','Вискоза 100%','Болгария','Футболка серая',159,8,'/resources/commodities/149/img.jpg'),(150,35,'Orsay','Хлопок 95%, Эластан 5%','Бангладеш','Футболка белая с принтом',219,8,'/resources/commodities/150/img.jpg'),(151,31,'H&amp;M','Вискоза 100%','Турция','Футболка',159,8,'/resources/commodities/151/img.jpg'),(152,37,'H&amp;M','Вискоза 94%, Эластан 6%','Турция','Футболка синяя',159,8,'/resources/commodities/152/img.jpg'),(153,4,'H&amp;M','Вискоза 94%, Эластан 6%','Болгария','Футболка',259,8,'/resources/commodities/153/img.jpg'),(154,31,'H&amp;M','Вискоза 44%, Акрил 40%, Полиамид 16%','Бангладеш','Футболка',159,8,'/resources/commodities/154/img.jpg'),(155,33,'H&amp;M','Хлопок 100%','Камбоджа','Футболка голубая',159,8,'/resources/commodities/155/img.jpg'),(156,42,'H&amp;M','Хлопок 100%','Турция','Футболка белая в принт',159,8,'/resources/commodities/156/img.jpg'),(157,48,'H&amp;M','Хлопок 85%, Вискоза 15%','Бангладеш','Футболка серая',259,8,'/resources/commodities/157/img.jpg'),(158,17,'H&amp;M','Лен 58%, Вискоза 42%','Бангладеш','Футболка белая',259,8,'/resources/commodities/158/img.jpg'),(159,40,'Promod','Вискоза 100%','Тунис','Футболка белая',179,8,'/resources/commodities/159/img.jpg'),(160,48,'H&amp;M','Модал (длинноволокнистый хлопок) 84%, Шелк 16%','Турция','Футболка',259,8,'/resources/commodities/160/img.jpg'),(161,2,'Asos','Полиамид 80%, Эластан 20%','Албания','Купальник черный',479,9,'/resources/commodities/161/img.jpg'),(162,38,'Wolf and whistle','Полиамид 83%, Эластан 17%','Англия','Купальник черный',479,9,'/resources/commodities/162/img.jpg'),(163,16,'Wolf and whistle','Полиамид 83%, Эластан 17%','Англия','Купальник черный',479,9,'/resources/commodities/163/img.jpg'),(164,5,'Wolf and whistle','Полиэстер 92%, Эластан 8%','Англия','Купальник черный',479,9,'/resources/commodities/164/img.jpg'),(165,25,'Wolf and whistle','Полиэстер 86%, Эластан 14%','Англия','Трусы цветочной расцветки купальные',289,9,'/resources/commodities/165/img.jpg'),(166,10,'Wolf and whistle','Полиамид 80%, Эластан 20%','Германия','Трусы черные купальные',289,9,'/resources/commodities/166/img.jpg'),(167,36,'Parah','Полиамид 89%, Эластан 11%','КНР','Бюстгальтер ярко-синий купальный',799,9,'/resources/commodities/167/img.jpg'),(168,30,'Wolf and whistle','Полиэстер 86%, Эластан 14%','Германия','Купальник черный',479,9,'/resources/commodities/168/img.jpg'),(169,9,'Asos','Полиэстер 92%, Эластан 8%','Албания','Купальник черный',529,9,'/resources/commodities/169/img.jpg'),(170,11,'New Look','Полиэстер 92%, Эластан 8%','Англия','Купальник черный',479,9,'/resources/commodities/170/img.jpg'),(171,25,'Wolf and whistle','Полиэстер 97%, Эластан 7%','Англия','Купальник серебристый',479,9,'/resources/commodities/171/img.jpg'),(172,18,'Asos','Полиамид 80%, Эластан 20%','Болгария','Купальник черный',479,9,'/resources/commodities/172/img.jpg'),(173,34,'Marta','Полиамид 85%, Эластан 15%','Украина','Бюстгальтер черный',259,9,'/resources/commodities/173/img.jpg'),(174,36,'Wolf and whistle','Полиэстер 86%, Эластан 14%','Германия','Трусы черные купальные',289,9,'/resources/commodities/174/img.jpg'),(175,30,'Asos','Полиэстер 92%, Эластан 8%','Албания','Купальник черный',479,9,'/resources/commodities/175/img.jpg'),(176,36,'Marta','Полиамид 85%, Эластан 15%','Украина','Бюстгальтер белый',259,9,'/resources/commodities/176/img.jpg'),(177,13,'Wolf and whistle','Полиэстер 89%, Эластан 11%','Германия','Купальник голубой',559,9,'/resources/commodities/177/img.jpg'),(178,36,'Wolf and whistle','Полиамид 80%, Эластан 20%','Англия','Бюстгальтер цветочной расцветки купальный',329,9,'/resources/commodities/178/img.jpg'),(179,2,'Wolf and whistle','Полиэстер 95%, Эластан 5%','Англия','Купальник черный',479,9,'/resources/commodities/179/img.jpg'),(180,2,'Wolf and whistle','Полиэстер 97%, Эластан 3%','Германия','Купальник белый',479,9,'/resources/commodities/180/img.jpg'),(181,27,'Superdry','Нейлон, полиамид 100%','КНР','Куртка синяя',1119,10,'/resources/commodities/181/img.jpg'),(182,37,'Izas','Другие волокна 100%','КНР','Куртка черная',1679,10,'/resources/commodities/182/img.jpg'),(183,18,'Hetrego','Полиэстер 100%','КНР','Пуховик светло-серый',3199,10,'/resources/commodities/183/img.jpg'),(184,44,'Izas','Другие волокна 100%','КНР','Куртка коричневая',1439,10,'/resources/commodities/184/img.jpg'),(185,23,'H&amp;M','Полиэстер 100%','КНР','Жилет серый',689,10,'/resources/commodities/185/img.jpg'),(186,40,'Benetton','Пух 90%','КНР','Куртка синяя',2419,10,'/resources/commodities/186/img.jpg'),(187,43,'H&amp;M','Полиэстер 77%, Хлопок 13%, Полиамид 10%','КНР','Куртка зеленая',1149,10,'/resources/commodities/187/img.jpg'),(188,8,'Burton','Полиэстер 100%','КНР','Куртка зеленая в принт',2859,10,'/resources/commodities/188/img.jpg'),(189,1,'Antony Morato','Полиэстер 52%','КНР','Куртка черная',2859,10,'/resources/commodities/189/img.jpg'),(190,15,'Burberry','Полиамид 100%','Турция','Куртка темно-синяя',4499,10,'/resources/commodities/190/img.jpg'),(191,48,'Piazza Italia','Полиэстер 100%','КНР','Куртка бордовая',1719,10,'/resources/commodities/191/img.jpg'),(192,30,'Antony Morato','Шерсть 60%, Вискоза 48%, Полиэстер 52%','КНР','Пальто черное',3429,10,'/resources/commodities/192/img.jpg'),(193,38,'Geox','Полиамид 100%','КНР','Куртка синяя',2349,10,'/resources/commodities/193/img.jpg'),(194,7,'Antony Morato','Полиэстер 52%','Италия','Куртка болотного цвета',2859,10,'/resources/commodities/194/img.jpg'),(195,39,'Gaudi','Хлопок 85%, Резина Stealth 15%','Болгария','Куртка коричневая',1519,10,'/resources/commodities/195/img.jpg'),(196,48,'PARK','Полиэстер 100%','Дания','Плащ черный с поясом',1899,10,'/resources/commodities/196/img.jpg'),(197,26,'Antony Morato','Полиэстер 52%','Италия','Куртка клетчатая',2859,10,'/resources/commodities/197/img.jpg'),(198,16,'Antony Morato','Шерсть 60%, Вискоза 30%, Полиэстер 10%','КНР','Куртка серая',2859,10,'/resources/commodities/198/img.jpg'),(199,4,'PARK','Хлопок 100%','Дания','Плащ бежевый',1899,10,'/resources/commodities/199/img.jpg'),(200,24,'Antony Morato','Полиэстер 52%','Италия','Куртка черная',2859,10,'/resources/commodities/200/img.jpg'),(201,33,'Restime','Искусственная кожа 100%','КНР','Кроссовки серые',649,11,'/resources/commodities/201/img.jpg'),(202,21,'Metex','Кожа 100%','Украина','Ботинки черные',709,11,'/resources/commodities/202/img.jpg'),(203,36,'Metex','Кожа 100%','Украина','Ботинки черные',709,11,'/resources/commodities/203/img.jpg'),(204,19,'Mida','Нубук 100%','Украина','Кроссовки синие',869,11,'/resources/commodities/204/img.jpg'),(205,25,'Metex','Нубук 100%','Украина','Кроссовки черно-синие',649,11,'/resources/commodities/205/img.jpg'),(206,49,'Metex','Кожа 100%','Украина','Туфли черные',459,11,'/resources/commodities/206/img.jpg'),(207,25,'GSL','Нубук 100%','Украина','Кроссовки черно-серые',649,11,'/resources/commodities/207/img.jpg'),(208,22,'Metex','Кожа 100%','Украина','Кроссовки серые',649,11,'/resources/commodities/208/img.jpg'),(209,5,'Viscount','Искусственная кожа 100%','КНР','Шлепанцы белые',179,11,'/resources/commodities/209/img.jpg'),(210,8,'Metex','Кожа 100%','Украина','Туфли черные',459,11,'/resources/commodities/210/img.jpg'),(211,1,'Geox','Замша 100%','КНР','Ботинки двухцветные',2019,11,'/resources/commodities/211/img.jpg'),(212,37,'Diadora','Нейлон, полиамид 100%','КНР','Кроссовки синие',569,11,'/resources/commodities/212/img.jpg'),(213,45,'Metex','Нубук 100%','Украина','Кроссовки черные',649,11,'/resources/commodities/213/img.jpg'),(214,13,'Viscount','Искусственная кожа 100%','КНР','Шлепанцы темно-коричневые',179,11,'/resources/commodities/214/img.jpg'),(215,26,'Mida','Нубук 100%','Украина','Кроссовки коричневые',649,11,'/resources/commodities/215/img.jpg'),(216,35,'SAUCONY','Кожа 100%','КНР','Кроссовки коричневые',1639,11,'/resources/commodities/216/img.jpg'),(217,32,'Mida','Кожа 100%','Украина','Мокасины белые',759,11,'/resources/commodities/217/img.jpg'),(218,11,'Viscount','Искусственная кожа 100%','КНР','Шлепанцы бежевые с декором',179,11,'/resources/commodities/218/img.jpg'),(219,39,'SAUCONY','Кожа 100%','КНР','Кроссовки коричнево-серые',1589,11,'/resources/commodities/219/img.jpg'),(220,27,'Nike','Текстиль 100%','КНР','Кроссовки черные',2449,11,'/resources/commodities/220/img.jpg'),(221,2,'H&amp;M','Хлопок 100%','Камбоджа','Свитер синий',689,12,'/resources/commodities/221/img.jpg'),(222,32,'SORBINO','Шерсть 50%, Акрил 50%','Италия','Свитер бордовый в полоску',1329,12,'/resources/commodities/222/img.jpg'),(223,1,'Benetton','Шерсть 100%','Хорватия','Свитер темно-зеленый',1289,12,'/resources/commodities/223/img.jpg'),(224,34,'Free Soul','Шерсть 80%, Полиамид 20%','Индия','Свитер коричневый',1299,12,'/resources/commodities/224/img.jpg'),(225,37,'Cos','Акрил 80%, Шерсть 20%','Турция','Свитер серый',599,12,'/resources/commodities/225/img.jpg'),(226,48,'Cos','Акрил 80%, Шерсть 20%','Турция','Свитер темно-серый',599,12,'/resources/commodities/226/img.jpg'),(227,7,'C&amp; Jo','Кашемир 45%, Шелк 20%, Вискоза 20%, Эластан 15%','КНР','Свитер серый',1199,12,'/resources/commodities/227/img.jpg'),(228,3,'Wintage','Шерсть 50%, Акрил 50%','Украина','Свитер бежевый',239,12,'/resources/commodities/228/img.jpg'),(229,1,'Converse','Шерсть 80%, Полиэстер 20%','Турция','Свитер синий',599,12,'/resources/commodities/229/img.jpg'),(230,8,'Lee\'Ecosse','Шерсть 70%, Полиамид 10%, Акрил 20%','Турция','Свитер светло-серый с орнаментом',749,12,'/resources/commodities/230/img.jpg'),(231,41,'Venturi sport','Лана 48%, Альпака 12%, Полиамид 20%, Акрил 20%','Турция','Свитер коричневый',749,12,'/resources/commodities/231/img.jpg'),(232,43,'Sancak','Шерсть 30%, Акрил 70%','Турция','Свитер вишневого цвета',479,12,'/resources/commodities/232/img.jpg'),(233,48,'Sancak','Шерсть 30%, Акрил 70%','Турция','Свитер бежевый',599,12,'/resources/commodities/233/img.jpg'),(234,0,'Sancak','Шерсть 50%, Акрил 50%','Турция','Свитер черный',599,12,'/resources/commodities/234/img.jpg'),(235,30,'BESLE','Шерсть 40%, Эластан 30%, Полиакрил 30%','Турция','Свитер двухцветный в полоску',579,12,'/resources/commodities/235/img.jpg'),(236,38,'Ligis','Шерсть 80%, Акрил 20%','Турция','Свитер белый',889,12,'/resources/commodities/236/img.jpg'),(237,28,'Sancak','Шерсть 50%, Акрил 50%','Турция','Свитер серый',599,12,'/resources/commodities/237/img.jpg'),(238,12,'Tamko','Шерсть 70%, Акрил 30%','Турция','Свитер серый',599,12,'/resources/commodities/238/img.jpg'),(239,15,'Ogun orne','Шерсть 70%, Акрил 30%','Турция','Свитер вишневого цвета',829,12,'/resources/commodities/239/img.jpg'),(240,26,'TMA','Шерсть 50%, Акрил 50%','Турция','Свитер серый',599,12,'/resources/commodities/240/img.jpg'),(241,11,'Rodrigo','Хлопок 100%','КНР','Рубашка в полоску',879,13,'/resources/commodities/241/img.jpg'),(242,11,'Polo Ralph Lauren','Хлопок 100%','Филиппины','Рубашка синяя',899,13,'/resources/commodities/242/img.jpg'),(243,39,'Primo Emporio','Хлопок 97%, Эластан 3%','Италия','Рубашка черная в принт',689,13,'/resources/commodities/243/img.jpg'),(244,32,'Piazza Italia','Полиэстер 65%, Хлопок 35%','Бангладеш','Рубашка синяя в клетку',299,13,'/resources/commodities/244/img.jpg'),(245,19,'Polo Ralph Lauren','Хлопок 100%','Филиппины','Рубашка голубая',899,13,'/resources/commodities/245/img.jpg'),(246,25,'Piazza Italia','Полиэстер 65%, Хлопок 35%','Бангладеш','Рубашка светло-розовая',299,13,'/resources/commodities/246/img.jpg'),(247,15,'Yell','Хлопок 65%, Полиэстер 35%','Китайская Республика','Рубашка голубая',479,13,'/resources/commodities/247/img.jpg'),(248,46,'Piazza Italia','Хлопок 100%','Бангладеш','Рубашка клетчатая',1799,13,'/resources/commodities/248/img.jpg'),(249,43,'Piazza Italia','Полиэстер 65%, Хлопок 35%','Бангладеш','Рубашка сиреневая',299,13,'/resources/commodities/249/img.jpg'),(250,2,'Piazza Italia','Хлопок 97%, Эластан 3%','Бангладеш','Рубашка белая',519,13,'/resources/commodities/250/img.jpg'),(251,10,'H&amp;M','Хлопок 100%','Бангладеш','Рубашка розовая',389,13,'/resources/commodities/251/img.jpg'),(252,14,'Revol','Хлопок 100%','КНР','Рубашка трехцветная в клетку',189,13,'/resources/commodities/252/img.jpg'),(253,33,'H&amp;M','Вискоза 47%, Полиамид 27%, Модал (длинноволокнистый хлопок) 21%, Эластан 5%','Турция','Рубашка черная',419,13,'/resources/commodities/253/img.jpg'),(254,38,'Benetton','Лен 58%, Хлопок 42%','Бангладеш','Рубашка синяя',699,13,'/resources/commodities/254/img.jpg'),(255,29,'Gas','Хлопок 100%','Румыния','Рубашка бежевая в полоску',759,13,'/resources/commodities/255/img.jpg'),(256,45,'Free Soul','Хлопок 100%','КНР','Рубашка серая',569,13,'/resources/commodities/256/img.jpg'),(257,20,'Jack&amp;Jones','Хлопок 100%','Бангладеш','Рубашка клетчатая',999,13,'/resources/commodities/257/img.jpg'),(258,35,'Jacks','Хлопок 35%, Полиэстер 65%','Бангладеш','Рубашка клетчатая',759,13,'/resources/commodities/258/img.jpg'),(259,9,'Automatic','Хлопок 100%','КНР','Рубашка голубая в полоску',759,13,'/resources/commodities/259/img.jpg'),(260,30,'4 You','Хлопок 100%','КНР','Рубашка светло-серая в полоску',569,13,'/resources/commodities/260/img.jpg'),(261,18,'Jack&amp;Jones','Хлопок 99%, Эластан 1%','КНР','Брюки бежевые',1189,14,'/resources/commodities/261/img.jpg'),(262,20,'Primo Emporio','Хлопок 60%, Лен 40%','Италия','Брюки серые',789,14,'/resources/commodities/262/img.jpg'),(263,41,'Gta','Хлопок 98%, Эластан 2%','КНР','Брюки темно-синие',629,14,'/resources/commodities/263/img.jpg'),(264,33,'Primo Emporio','Хлопок 60%, Лен 40%','Италия','Брюки черно-серые',789,14,'/resources/commodities/264/img.jpg'),(265,48,'Primo Emporio','Полиэстер 78%, Вискоза 21%, Эластан 1%','Италия','Брюки синие',789,14,'/resources/commodities/265/img.jpg'),(266,29,'Primo Emporio','Хлопок 100%','Италия','Брюки синие',589,14,'/resources/commodities/266/img.jpg'),(267,17,'Piazza Italia','Хлопок 100%','Бангладеш','Брюки коричневые',479,14,'/resources/commodities/267/img.jpg'),(268,24,'Piazza Italia','Хлопок 98%, Эластан 2%','Бангладеш','Брюки темно-синие',599,14,'/resources/commodities/268/img.jpg'),(269,26,'Piazza Italia','Хлопок 98%, Эластан 2%','Бангладеш','Штаны темно-синие',599,14,'/resources/commodities/269/img.jpg'),(270,23,'Piazza Italia','Хлопок 100%','Бангладеш','Брюки синие',479,14,'/resources/commodities/270/img.jpg'),(271,14,'Piazza Italia','Хлопок 98%, Эластан 2%','Бангладеш','Штаны цвета антрацит',599,14,'/resources/commodities/271/img.jpg'),(272,13,'Piazza Italia','Полиэстер 65%, Вискоза 35%','Бангладеш','Брюки цвета антрацит',899,14,'/resources/commodities/272/img.jpg'),(273,45,'Benetton','Хлопок 97%, Эластан 3%','Индия','Брюки желтые',1259,14,'/resources/commodities/273/img.jpg'),(274,38,'Benetton','Хлопок 100%','Бангладеш','Брюки бежевые',699,14,'/resources/commodities/274/img.jpg'),(275,37,'Benetton','Хлопок 100%','Египет','Штаны серые',769,14,'/resources/commodities/275/img.jpg'),(276,31,'Blend','Хлопок 100%','Дания','Брюки бежевые',479,14,'/resources/commodities/276/img.jpg'),(277,24,'Primo Emporio','Хлопок 100%','Италия','Брюки серые в принт',789,14,'/resources/commodities/277/img.jpg'),(278,17,'Piazza Italia','Хлопок 100%','Бангладеш','Брюки красные',519,14,'/resources/commodities/278/img.jpg'),(279,8,'Benetton','Хлопок 100%','Бангладеш','Брюки синие',1029,14,'/resources/commodities/279/img.jpg'),(280,27,'Rifle','Лен 100%','КНР','Брюки белые',379,14,'/resources/commodities/280/img.jpg'),(281,46,'Wrangler','Хлопок 62%, Эластомультиэстер 38%','КНР','Джинсы красные',399,15,'/resources/commodities/281/img.jpg'),(282,43,'Wrangler','Хлопок 98%, Эластан 2%','КНР','Джинсы белые',399,15,'/resources/commodities/282/img.jpg'),(283,17,'Trussardi Collection','Хлопок 100%','Италия','Джинсы серые',1419,15,'/resources/commodities/283/img.jpg'),(284,6,'Bray Steve Alan','Хлопок 98%, Эластан 2%','Италия','Джинсы синие',1139,15,'/resources/commodities/284/img.jpg'),(285,48,'Levi\'s','Хлопок 100%','КНР','Джинсы синие',1469,15,'/resources/commodities/285/img.jpg'),(286,0,'Lee','Другие волокна 100%','КНР','Джинсы голубые',1459,15,'/resources/commodities/286/img.jpg'),(287,45,'Diesel','Хлопок 100%','КНР','Джинсы красные',1519,15,'/resources/commodities/287/img.jpg'),(288,15,'Gas','Хлопок 95%, Эластан 5%','Шри-Ланка','Джинсы серые',1029,15,'/resources/commodities/288/img.jpg'),(289,35,'Guess Jeans','Хлопок 98%, Спандекс 2%','Маврикий','Джинсы синие',1729,15,'/resources/commodities/289/img.jpg'),(290,19,'Trussardi Collection','Хлопок 100%','Италия','Джинсы бежевые',1689,15,'/resources/commodities/290/img.jpg'),(291,16,'Bikkembergs','Хлопок 88%, Другие волокна 12%','КНР','Джинсы синие',1779,15,'/resources/commodities/291/img.jpg'),(292,37,'Wrangler','Хлопок 98%, Эластан 2%','КНР','Джинсы синие',1649,15,'/resources/commodities/292/img.jpg'),(293,30,'Gta','Хлопок 98%, Эластан 2%','КНР','Джинсы синие',799,15,'/resources/commodities/293/img.jpg'),(294,3,'Piazza Italia','Хлопок 98%, Эластан 2%','Бангладеш','Джинсы синие с эффектом слегка потертых',749,15,'/resources/commodities/294/img.jpg'),(295,18,'Bikkembergs','Хлопок 100%','Турция','Джинсы синие',3469,15,'/resources/commodities/295/img.jpg'),(296,11,'Piazza Italia','Хлопок 98%, Эластан 2%','Бангладеш','Джинсы голубые с эффектом потертых',599,15,'/resources/commodities/296/img.jpg'),(297,42,'Atpco','Хлопок 98%, Эластан 2%','КНР','Джинсы синие',1069,15,'/resources/commodities/297/img.jpg'),(298,3,'Gta','Хлопок 98%, Эластан 2%','КНР','Джинсы темно-синие',759,15,'/resources/commodities/298/img.jpg'),(299,38,'Wrangler','Хлопок 98%, Эластан 2%','КНР','Джинсы серые',1399,15,'/resources/commodities/299/img.jpg'),(300,49,'Gta','Хлопок 98%, Эластан 2%','КНР','Джинсы синие',759,15,'/resources/commodities/300/img.jpg'),(301,22,'Cesare Paciotti Underwear','Хлопок 92%, Эластан 8%','КНР','Футболка черная с принтом',579,16,'/resources/commodities/301/img.jpg'),(302,34,'Armani Jeans','Хлопок 95%, Эластан 5%','Италия','Футболка белая',1019,16,'/resources/commodities/302/img.jpg'),(303,1,'Armani Jeans','Хлопок 100%','Турция','Футболка-поло цвета электрик',629,16,'/resources/commodities/303/img.jpg'),(304,9,'HUGO BOSS','Хлопок 65%, Полиэстер 35%','КНР','Футболка-поло',779,16,'/resources/commodities/304/img.jpg'),(305,14,'Tommy Hilfiger','Хлопок 100%','Вьетнам','Футболка-поло синяя',629,16,'/resources/commodities/305/img.jpg'),(306,28,'Benetton','Хлопок 100%','Тунис','Футболка-поло серая',689,16,'/resources/commodities/306/img.jpg'),(307,37,'Benetton','Хлопок 100%','Индия','Футболка-поло черная',689,16,'/resources/commodities/307/img.jpg'),(308,19,'H&amp;M','Хлопок 100%','Турция','Футболка белая в принт',389,16,'/resources/commodities/308/img.jpg'),(309,4,'Benetton','Хлопок 100%','Индия','Футболка-поло темно-синяя',689,16,'/resources/commodities/309/img.jpg'),(310,26,'H&amp;M','Хлопок 100%','Бангладеш','Футболка белая в принт',259,16,'/resources/commodities/310/img.jpg'),(311,15,'H&amp;M','Хлопок 100%','Бангладеш','Футболка бежевая',259,16,'/resources/commodities/311/img.jpg'),(312,40,'H&amp;M','Лен 100%','Камбоджа','Футболка серая',259,16,'/resources/commodities/312/img.jpg'),(313,29,'H&amp;M','Хлопок 100%','Бангладеш','Футболка черная',289,16,'/resources/commodities/313/img.jpg'),(314,29,'H&amp;M','Хлопок 100%','Бангладеш','Футболка синяя в принт',259,16,'/resources/commodities/314/img.jpg'),(315,12,'H&amp;M','Хлопок 100%','Турция','Футболка в полоску',259,16,'/resources/commodities/315/img.jpg'),(316,47,'Piazza Italia','Хлопок 100%','Бангладеш','Футболка голубая с принтом',249,16,'/resources/commodities/316/img.jpg'),(317,17,'H&amp;M','Хлопок 100%','Бангладеш','Футболка бежевая',289,16,'/resources/commodities/317/img.jpg'),(318,33,'Benetton','Полиэстер 100%','Турция','Футболка с флористическим принтом и надписью',529,16,'/resources/commodities/318/img.jpg'),(319,13,'Armani Jeans','Хлопок 100%','Турция','Футболка желтая с принтом',649,16,'/resources/commodities/319/img.jpg'),(320,36,'Primo Emporio','Хлопок 100%','Италия','Футболка серая',339,16,'/resources/commodities/320/img.jpg'),(321,21,'H&amp;M','Хлопок 95%, Эластан 5%','Мьянма','Трусы синие в принт',99,17,'/resources/commodities/321/img.jpg'),(322,35,'H&amp;M','Хлопок 95%, Эластан 5%','Бангладеш','Трусы черные',169,17,'/resources/commodities/322/img.jpg'),(323,43,'H&amp;M','Хлопок 95%, Эластан 5%','Шри-Ланка','Трусы синие в принт',99,17,'/resources/commodities/323/img.jpg'),(324,35,'H&amp;M','Хлопок 95%, Эластан 5%','Камбоджа','Трусы белые в принт',99,17,'/resources/commodities/324/img.jpg'),(325,14,'H&amp;M','Хлопок 95%, Эластан 5%','Камбоджа','Трусы серые в принт',99,17,'/resources/commodities/325/img.jpg'),(326,30,'Cesare Paciotti Underwear','Хлопок 100%','КНР','Пижама: джемпер и штаны',799,17,'/resources/commodities/326/img.jpg'),(327,48,'H&amp;M','Хлопок 85%, Вискоза 15%','Бангладеш','Штаны пижамные',379,17,'/resources/commodities/327/img.jpg'),(328,10,'H&amp;M','Полиамид 90%, Эластан 10%','Камбоджа','Трусы спортивные',359,17,'/resources/commodities/328/img.jpg'),(329,28,'H&amp;M','Хлопок 95%, Эластан 5%','Шри-Ланка','Трусы белые',99,17,'/resources/commodities/329/img.jpg'),(330,18,'Andrew Mackenzie','Хлопок 95%, Эластан 5%','Италия','Трусы черные',269,17,'/resources/commodities/330/img.jpg'),(331,49,'H&amp;M','Хлопок 95%, Эластан 5%','Мьянма','Трусы в камуфляжный принт',99,17,'/resources/commodities/331/img.jpg'),(332,5,'Andrew Mackenzie','Хлопок 95%, Эластан 5%','Италия','Трусы серые',219,17,'/resources/commodities/332/img.jpg'),(333,19,'H&amp;M','Полиэстер 85%, Эластан 15%','Индонезия','Трусы спортивные',359,17,'/resources/commodities/333/img.jpg'),(334,35,'Cornette','Хлопок 100%','Польша','Пижама: футболка и шорты',799,17,'/resources/commodities/334/img.jpg'),(335,7,'Don Jose','Хлопок 100%','Турция','Термокальсоны черные',539,17,'/resources/commodities/335/img.jpg'),(336,3,'SESTO SENSO','Хлопок 100%','Польша','Пижама: джемпер штаны',589,17,'/resources/commodities/336/img.jpg'),(337,6,'Cornette','Хлопок 100%','Польша','Кальсоны черные',349,17,'/resources/commodities/337/img.jpg'),(338,39,'Don Jose','Хлопок 100%','Украина','Майка черная',219,17,'/resources/commodities/338/img.jpg'),(339,34,'Polo','Полиамид 47%, Модал (длинноволокнистый хлопок) 47%, Эластан 6%','Турция','Трусы белые',349,17,'/resources/commodities/339/img.jpg'),(340,33,'Don Jose','Хлопок 100%','Турция','Термокальсоны черные',569,17,'/resources/commodities/340/img.jpg');
/*!40000 ALTER TABLE `commodities` ENABLE KEYS */;
UNLOCK TABLES;

--
-- Table structure for table `orders`
--

DROP TABLE IF EXISTS `orders`;
/*!40101 SET @saved_cs_client     = @@character_set_client */;
/*!40101 SET character_set_client = utf8 */;
CREATE TABLE `orders` (
  `id` int(11) NOT NULL AUTO_INCREMENT,
  `quantity` int(11) NOT NULL,
  `commodity` int(11) DEFAULT NULL,
  `user` int(11) DEFAULT NULL,
  `paid` bit(1) NOT NULL,
  `card` varchar(255) DEFAULT NULL,
  `document` varchar(255) DEFAULT NULL,
  PRIMARY KEY (`id`),
  KEY `FKtn3jmupqsayu2djf35fg9n72t` (`commodity`),
  KEY `FKbcyw1rnwiup2kx6tfg4408anm` (`user`),
  CONSTRAINT `FKbcyw1rnwiup2kx6tfg4408anm` FOREIGN KEY (`user`) REFERENCES `users` (`id`),
  CONSTRAINT `FKtn3jmupqsayu2djf35fg9n72t` FOREIGN KEY (`commodity`) REFERENCES `commodities` (`id`)
) ENGINE=InnoDB DEFAULT CHARSET=utf8;
/*!40101 SET character_set_client = @saved_cs_client */;

--
-- Dumping data for table `orders`
--

LOCK TABLES `orders` WRITE;
/*!40000 ALTER TABLE `orders` DISABLE KEYS */;
/*!40000 ALTER TABLE `orders` ENABLE KEYS */;
UNLOCK TABLES;

--
-- Table structure for table `subcategories`
--

DROP TABLE IF EXISTS `subcategories`;
/*!40101 SET @saved_cs_client     = @@character_set_client */;
/*!40101 SET character_set_client = utf8 */;
CREATE TABLE `subcategories` (
  `id` int(11) NOT NULL AUTO_INCREMENT,
  `name` varchar(255) DEFAULT NULL,
  `category` int(11) DEFAULT NULL,
  PRIMARY KEY (`id`),
  KEY `FKcp9ymmf30vpbv8yjm635t4yhk` (`category`),
  CONSTRAINT `FKcp9ymmf30vpbv8yjm635t4yhk` FOREIGN KEY (`category`) REFERENCES `categories` (`id`)
) ENGINE=InnoDB AUTO_INCREMENT=18 DEFAULT CHARSET=utf8;
/*!40101 SET character_set_client = @saved_cs_client */;

--
-- Dumping data for table `subcategories`
--

LOCK TABLES `subcategories` WRITE;
/*!40000 ALTER TABLE `subcategories` DISABLE KEYS */;
INSERT INTO `subcategories` VALUES (1,'Dresses',1),(2,'Outerwear',1),(3,'Footwear',1),(4,'Bags',1),(5,'Blouses and shirts',1),(6,'Skirts',1),(7,'Pants',1),(8,'T-Shirts',1),(9,'Underwear',1),(10,'Outerwear',2),(11,'Footwear',2),(12,'Sweaters',2),(13,'Shirts',2),(14,'Pants',2),(15,'Jeans',2),(16,'T-Shirts',2),(17,'Underwear',2);
/*!40000 ALTER TABLE `subcategories` ENABLE KEYS */;
UNLOCK TABLES;

--
-- Table structure for table `users`
--

DROP TABLE IF EXISTS `users`;
/*!40101 SET @saved_cs_client     = @@character_set_client */;
/*!40101 SET character_set_client = utf8 */;
CREATE TABLE `users` (
  `id` int(11) NOT NULL AUTO_INCREMENT,
  `email` varchar(255) DEFAULT NULL,
  `name` varchar(255) DEFAULT NULL,
  `password` varchar(255) DEFAULT NULL,
  `phone` varchar(255) DEFAULT NULL,
  `surname` varchar(255) DEFAULT NULL,
  `enabled` bit(1) NOT NULL,
  `locked` bit(1) NOT NULL,
  `role` int(11) DEFAULT NULL,
  `uuid` varchar(255) DEFAULT NULL,
  `image` varchar(255) DEFAULT NULL,
  PRIMARY KEY (`id`)
) ENGINE=InnoDB AUTO_INCREMENT=2 DEFAULT CHARSET=utf8;
/*!40101 SET character_set_client = @saved_cs_client */;

--
-- Dumping data for table `users`
--

LOCK TABLES `users` WRITE;
/*!40000 ALTER TABLE `users` DISABLE KEYS */;
INSERT INTO `users` VALUES (1,'mmykola@yandex.ru','admin','$2a$06$ahkOhPhb8eIqV65wpFhp1.TwX7wV/INSrlQYUBPfCf.qwfBdU7ybu','+380950032843','admin','','\0',0,NULL,NULL);
/*!40000 ALTER TABLE `users` ENABLE KEYS */;
UNLOCK TABLES;
/*!40103 SET TIME_ZONE=@OLD_TIME_ZONE */;

/*!40101 SET SQL_MODE=@OLD_SQL_MODE */;
/*!40014 SET FOREIGN_KEY_CHECKS=@OLD_FOREIGN_KEY_CHECKS */;
/*!40014 SET UNIQUE_CHECKS=@OLD_UNIQUE_CHECKS */;
/*!40101 SET CHARACTER_SET_CLIENT=@OLD_CHARACTER_SET_CLIENT */;
/*!40101 SET CHARACTER_SET_RESULTS=@OLD_CHARACTER_SET_RESULTS */;
/*!40101 SET COLLATION_CONNECTION=@OLD_COLLATION_CONNECTION */;
/*!40111 SET SQL_NOTES=@OLD_SQL_NOTES */;

-- Dump completed on 2017-03-15 21:28:40
